../tmp_imgs/face_data/0.pgm;0
../tmp_imgs/face_data/1.pgm;0
../tmp_imgs/face_data/2.pgm;0
../tmp_imgs/face_data/3.pgm;0
../tmp_imgs/face_data/4.pgm;0
../tmp_imgs/face_data/5.pgm;0
../tmp_imgs/face_data/6.pgm;0
../tmp_imgs/face_data/7.pgm;0
../tmp_imgs/face_data/8.pgm;0
../tmp_imgs/face_data/9.pgm;0
../tmp_imgs/face_data/10.pgm;0
../tmp_imgs/face_data/11.pgm;0
../tmp_imgs/face_data/12.pgm;0
../tmp_imgs/face_data/13.pgm;0
../tmp_imgs/face_data/14.pgm;0
../tmp_imgs/face_data/15.pgm;0
../tmp_imgs/face_data/16.pgm;0
../tmp_imgs/face_data/17.pgm;0
../tmp_imgs/face_data/18.pgm;0
../tmp_imgs/face_data/19.pgm;0
../tmp_imgs/face_data/20.pgm;0
../tmp_imgs/face_data/21.pgm;0
../tmp_imgs/face_data/22.pgm;0
../tmp_imgs/face_data/23.pgm;0
../tmp_imgs/face_data/24.pgm;0
../tmp_imgs/face_data/25.pgm;0
../tmp_imgs/face_data/26.pgm;0
../tmp_imgs/face_data/27.pgm;0
../tmp_imgs/face_data/28.pgm;0
../tmp_imgs/face_data/29.pgm;0
../tmp_imgs/face_data/30.pgm;0
../tmp_imgs/face_data/31.pgm;0
../tmp_imgs/face_data/32.pgm;0
../tmp_imgs/face_data/33.pgm;0
../tmp_imgs/face_data/34.pgm;0
../tmp_imgs/face_data/35.pgm;0
../tmp_imgs/face_data/36.pgm;0
../tmp_imgs/face_data/37.pgm;0
../tmp_imgs/face_data/38.pgm;0
../tmp_imgs/face_data/39.pgm;0
../tmp_imgs/face_data/40.pgm;0
../tmp_imgs/face_data/41.pgm;0
../tmp_imgs/face_data/42.pgm;0
../tmp_imgs/face_data/43.pgm;0
../tmp_imgs/face_data/44.pgm;0
../tmp_imgs/face_data/45.pgm;0
../tmp_imgs/face_data/46.pgm;0
../tmp_imgs/face_data/47.pgm;0
../tmp_imgs/face_data/48.pgm;0
../tmp_imgs/face_data/49.pgm;0
../tmp_imgs/face_data/50.pgm;0
../tmp_imgs/face_data/51.pgm;0
../tmp_imgs/face_data/52.pgm;0
../tmp_imgs/face_data/53.pgm;0
../tmp_imgs/face_data/54.pgm;0
../tmp_imgs/face_data/55.pgm;0
../tmp_imgs/face_data/56.pgm;0
../tmp_imgs/face_data/57.pgm;0
../tmp_imgs/face_data/58.pgm;0
../tmp_imgs/face_data/59.pgm;0
../tmp_imgs/face_data/60.pgm;0
../tmp_imgs/face_data/61.pgm;0
../tmp_imgs/face_data/62.pgm;0
../tmp_imgs/face_data/63.pgm;0
../tmp_imgs/face_data/64.pgm;0
../tmp_imgs/face_data/65.pgm;0
../tmp_imgs/face_data/66.pgm;0
../tmp_imgs/face_data/67.pgm;0
../tmp_imgs/face_data/68.pgm;0
../tmp_imgs/face_data/69.pgm;0
../tmp_imgs/face_data/70.pgm;0
../tmp_imgs/face_data/71.pgm;0
../tmp_imgs/face_data/72.pgm;0
../tmp_imgs/face_data/73.pgm;0
../tmp_imgs/face_data/74.pgm;0
../tmp_imgs/face_data/75.pgm;0
../tmp_imgs/face_data/76.pgm;0
../tmp_imgs/face_data/77.pgm;0
../tmp_imgs/face_data/78.pgm;0
../tmp_imgs/face_data/79.pgm;0
../tmp_imgs/face_data/80.pgm;0
../tmp_imgs/face_data/81.pgm;0
../tmp_imgs/face_data/82.pgm;0
../tmp_imgs/face_data/83.pgm;0
../tmp_imgs/face_data/84.pgm;0
../tmp_imgs/face_data/85.pgm;0
../tmp_imgs/face_data/86.pgm;0
../tmp_imgs/face_data/87.pgm;0
../tmp_imgs/face_data/88.pgm;0
../tmp_imgs/face_data/89.pgm;0
../tmp_imgs/face_data/90.pgm;0
../tmp_imgs/face_data/91.pgm;0
../tmp_imgs/face_data/92.pgm;0
../tmp_imgs/face_data/93.pgm;0
../tmp_imgs/face_data/94.pgm;0
../tmp_imgs/face_data/95.pgm;0
../tmp_imgs/face_data/96.pgm;0
../tmp_imgs/face_data/97.pgm;0
../tmp_imgs/face_data/98.pgm;0
../tmp_imgs/face_data/99.pgm;0
../tmp_imgs/face_data/100.pgm;0
../tmp_imgs/face_data/101.pgm;0
../tmp_imgs/face_data/102.pgm;0
../tmp_imgs/face_data/103.pgm;0
../tmp_imgs/face_data/104.pgm;0
../tmp_imgs/face_data/105.pgm;0
../tmp_imgs/face_data/106.pgm;0
../tmp_imgs/face_data/107.pgm;0
../tmp_imgs/face_data/108.pgm;0
../tmp_imgs/face_data/109.pgm;0
../tmp_imgs/face_data/110.pgm;0
../tmp_imgs/face_data/111.pgm;0
../tmp_imgs/face_data/112.pgm;0
../tmp_imgs/face_data/113.pgm;0
../tmp_imgs/face_data/114.pgm;0
../tmp_imgs/face_data/115.pgm;0
../tmp_imgs/face_data/116.pgm;0
../tmp_imgs/face_data/117.pgm;0
../tmp_imgs/face_data/118.pgm;0
../tmp_imgs/face_data/119.pgm;0
../tmp_imgs/face_data/120.pgm;0
../tmp_imgs/face_data/121.pgm;0
../tmp_imgs/face_data/122.pgm;0
../tmp_imgs/face_data/123.pgm;0
../tmp_imgs/face_data/124.pgm;0
../tmp_imgs/face_data/125.pgm;0
../tmp_imgs/face_data/126.pgm;0
../tmp_imgs/face_data/127.pgm;0
../tmp_imgs/face_data/128.pgm;0
../tmp_imgs/face_data/129.pgm;0
../tmp_imgs/face_data/130.pgm;0
../tmp_imgs/face_data/131.pgm;0
../tmp_imgs/face_data/132.pgm;0
../tmp_imgs/face_data/133.pgm;0
../tmp_imgs/face_data/134.pgm;0
../tmp_imgs/face_data/135.pgm;0
../tmp_imgs/face_data/136.pgm;0
../tmp_imgs/face_data/137.pgm;0
../tmp_imgs/face_data/138.pgm;0
../tmp_imgs/face_data/139.pgm;0
../tmp_imgs/face_data/140.pgm;0
../tmp_imgs/face_data/141.pgm;0
../tmp_imgs/face_data/142.pgm;0
../tmp_imgs/face_data/143.pgm;0
../tmp_imgs/face_data/144.pgm;0
../tmp_imgs/face_data/145.pgm;0
../tmp_imgs/face_data/146.pgm;0
../tmp_imgs/face_data/147.pgm;0
../tmp_imgs/face_data/148.pgm;0
../tmp_imgs/face_data/149.pgm;0
../tmp_imgs/face_data/150.pgm;0
../tmp_imgs/face_data/151.pgm;0
../tmp_imgs/face_data/152.pgm;0
../tmp_imgs/face_data/153.pgm;0
../tmp_imgs/face_data/154.pgm;0
../tmp_imgs/face_data/155.pgm;0
../tmp_imgs/face_data/156.pgm;0
../tmp_imgs/face_data/157.pgm;0
../tmp_imgs/face_data/158.pgm;0
../tmp_imgs/face_data/159.pgm;0
../tmp_imgs/face_data/160.pgm;0
../tmp_imgs/face_data/161.pgm;0
../tmp_imgs/face_data/162.pgm;0
../tmp_imgs/face_data/163.pgm;0
../tmp_imgs/face_data/164.pgm;0
../tmp_imgs/face_data/165.pgm;0
../tmp_imgs/face_data/166.pgm;0
../tmp_imgs/face_data/167.pgm;0
../tmp_imgs/face_data/168.pgm;0
../tmp_imgs/face_data/169.pgm;0
../tmp_imgs/face_data/170.pgm;0
../tmp_imgs/face_data/171.pgm;0
../tmp_imgs/face_data/172.pgm;0
../tmp_imgs/face_data/173.pgm;0
../tmp_imgs/face_data/174.pgm;0
../tmp_imgs/face_data/175.pgm;0
../tmp_imgs/face_data/176.pgm;0
../tmp_imgs/face_data/177.pgm;0
../tmp_imgs/face_data/178.pgm;0
../tmp_imgs/face_data/179.pgm;0
../tmp_imgs/face_data/180.pgm;0
../tmp_imgs/face_data/181.pgm;0
../tmp_imgs/face_data/182.pgm;0
../tmp_imgs/face_data/183.pgm;0
../tmp_imgs/face_data/184.pgm;0
../tmp_imgs/face_data/185.pgm;0
../tmp_imgs/face_data/186.pgm;0
../tmp_imgs/face_data/187.pgm;0
../tmp_imgs/face_data/188.pgm;0
../tmp_imgs/face_data/189.pgm;0
../tmp_imgs/face_data/190.pgm;0
../tmp_imgs/face_data/191.pgm;0
../tmp_imgs/face_data/192.pgm;0
../tmp_imgs/face_data/193.pgm;0
../tmp_imgs/face_data/194.pgm;0
../tmp_imgs/face_data/195.pgm;0
../tmp_imgs/face_data/196.pgm;0
../tmp_imgs/face_data/197.pgm;0
../tmp_imgs/face_data/198.pgm;0
../tmp_imgs/face_data/199.pgm;0
../tmp_imgs/face_data/200.pgm;0
../tmp_imgs/face_data/201.pgm;0
../tmp_imgs/face_data/202.pgm;0
../tmp_imgs/face_data/203.pgm;0
../tmp_imgs/face_data/204.pgm;0
../tmp_imgs/face_data/205.pgm;0
../tmp_imgs/face_data/206.pgm;0
../tmp_imgs/face_data/207.pgm;0
../tmp_imgs/face_data/208.pgm;0
../tmp_imgs/face_data/209.pgm;0
../tmp_imgs/face_data/210.pgm;0
../tmp_imgs/face_data/211.pgm;0
